1,1,1243 A Street,Sunnydale,California,90001
2,2,2243 A Street,Sunnydale,California,90005
3,3,1244 A Street,Sunnydale,California,90010
4,4,1245 A Street,Sunnydale,California,90010
5,5,1246 A Street,Sunnydale,California,90010
6,6,1247 A Street,Sunnydale,California,90010
7,7,1248 A Street,Sunnydale,California,90010
8,8,1249 A Street,Sunnydale,California,90010
9,9,1250 A Street,Sunnydale,California,90010
10,10,1251 A Street,Sunnydale,California,90010
11,11,1252 A Street,Sunnydale,California,90010
12,12,1253 A Street,Sunnydale,California,90010
13,13,1254 A Street,Sunnydale,California,90010
14,14,3216 B Street,Denver,Colorado,80210
15,15,3217 B Street,Denver,Colorado,80210
16,16,3218 B Street,Denver,Colorado,80210
17,17,3219 B Street,Denver,Colorado,80210
18,18,3220 B Street,Denver,Colorado,80210
19,19,3221 B Street,Denver,Colorado,80210
20,20,3222 B Street,Denver,Colorado,80210
21,21,3223 B Street,Denver,Colorado,80210
22,22,3224 B Street,Denver,Colorado,80210
23,23,3225 B Street,Denver,Colorado,80210
24,24,3206 B Street,Denver,Colorado,80210
25,25,3227 B Street,Denver,Colorado,80210
